,Prince John ANIGBO,Covenant Olamigoke OLOWO,Esther OGUNLEYE,Hafsoh K. OGUNNIYI,Churchill OLISA,Frankcleave KASIMANWUNA,Ajiserere ODUFISAN,George IHEKWABA,F'eyisayo OLATUNJI,Okikiimole AKINDUSOYE,Joel ATUH,Steaadfast ILEOGBEN,Victor Folahanmi AKILO,Enoch OGUNTOYE,Nasirudeen Adeshina ALABI,Ireoluwa OKE,Oluwadunmininu IDOWU,Simbiat O. ADUMADEYIN,Olamiposi latcefat RAJI,Oluwagbotemi Fatiu ADEBAYO,Vivian AGWOILE
President,1.0,0.0,,,,,,,,,,,,,,,,,,,
Vice President,,,1.0,0.0,,,,,,,,,,,,,,,,,
General Secretary,,,,,1.0,,,,,,,,,,,,,,,,
Assist. General Secretary,,,,,,0.0,1.0,0.0,,,,,,,,,,,,,
Financial Secretary,,,,,,,,,1.0,,,,,,,,,,,,
Treasurer,,,,,,,,,,1.0,,,,,,,,,,,
PRO,,,,,,,,,,,0.0,1.0,0.0,0.0,,,,,,,
Sports Secretary,,,,,,,,,,,,,,,1.0,0.0,,,,,
Welfare Secretary,,,,,,,,,,,,,,,,,0.0,1.0,0.0,,
Social Secretary,,,,,,,,,,,,,,,,,,,,1.0,0.0
